market_date,vendor_name
2026-04-11,Green Garden Farm
2026-04-11,Berry Patch Produce
2026-04-11,York River Vegetables
2026-04-11,Pure Earth Organics
2026-04-11,Sunny Side Eggs
2026-04-11,Heritage Hen Farm
2026-04-11,Colonial Bakes
2026-04-11,Daily Bread Co
2026-04-11,Pasta Fresca
2026-04-11,Williamsburg Pickles
2026-04-11,Colonial Kettle Corn
2026-04-11,Salsa Verde Kitchen
2026-04-11,Williamsburg Coffee Co
2026-04-11,Happy Tails Treats
2026-04-11,Hearthside Meats
2026-04-11,Old Dominion Sausage Co
2026-04-18,Green Garden Farm
2026-04-18,Berry Patch Produce
2026-04-18,York River Vegetables
2026-04-18,Pure Earth Organics
2026-04-18,Sunny Side Eggs
2026-04-18,Heritage Hen Farm
2026-04-18,Colonial Bakes
2026-04-18,Daily Bread Co
2026-04-18,Williamsburg Pickles
2026-04-18,Colonial Kettle Corn
2026-04-18,Salsa Verde Kitchen
2026-04-18,Williamsburg Coffee Co
2026-04-18,Happy Tails Treats
2026-04-18,Hearthside Meats
2026-04-18,Old Dominion Sausage Co
2026-04-25,Green Garden Farm
2026-04-25,Berry Patch Produce
2026-04-25,York River Vegetables
2026-04-25,Pure Earth Organics
2026-04-25,Sunny Side Eggs
2026-04-25,Heritage Hen Farm
2026-04-25,Colonial Bakes
2026-04-25,Daily Bread Co
2026-04-25,Pasta Fresca
2026-04-25,Williamsburg Pickles
2026-04-25,Colonial Kettle Corn
2026-04-25,Salsa Verde Kitchen
2026-04-25,Williamsburg Coffee Co
2026-04-25,Happy Tails Treats
2026-04-25,Hearthside Meats
2026-04-25,Old Dominion Sausage Co
2026-05-02,Green Garden Farm
2026-05-02,Berry Patch Produce
2026-05-02,York River Vegetables
2026-05-02,Pure Earth Organics
2026-05-02,Sunny Side Eggs
2026-05-02,Heritage Hen Farm
2026-05-02,Colonial Bakes
2026-05-02,Daily Bread Co
2026-05-02,Williamsburg Pickles
2026-05-02,Colonial Kettle Corn
2026-05-02,Salsa Verde Kitchen
2026-05-02,Williamsburg Coffee Co
2026-05-02,Happy Tails Treats
2026-05-02,Jamestown Jams
2026-05-02,Sweet Crumb Cookies
2026-05-02,Spice Route Blends
2026-05-02,Goat Milk Soap Co
2026-05-02,Hearthside Meats
2026-05-02,Old Dominion Sausage Co
2026-05-09,Green Garden Farm
2026-05-09,Berry Patch Produce
2026-05-09,York River Vegetables
2026-05-09,Pure Earth Organics
2026-05-09,Sunny Side Eggs
2026-05-09,Heritage Hen Farm
2026-05-09,Colonial Bakes
2026-05-09,Daily Bread Co
2026-05-09,Pasta Fresca
2026-05-09,Williamsburg Pickles
2026-05-09,Colonial Kettle Corn
2026-05-09,Salsa Verde Kitchen
2026-05-09,Williamsburg Coffee Co
2026-05-09,Happy Tails Treats
2026-05-09,Hearthside Meats
2026-05-09,Old Dominion Sausage Co
2026-05-16,Green Garden Farm
2026-05-16,Berry Patch Produce
2026-05-16,York River Vegetables
2026-05-16,Pure Earth Organics
2026-05-16,Sunny Side Eggs
2026-05-16,Heritage Hen Farm
2026-05-16,Colonial Bakes
2026-05-16,Daily Bread Co
2026-05-16,Williamsburg Pickles
2026-05-16,Colonial Kettle Corn
2026-05-16,Salsa Verde Kitchen
2026-05-16,Williamsburg Coffee Co
2026-05-16,Happy Tails Treats
2026-05-16,Hearthside Meats
2026-05-16,Old Dominion Sausage Co
2026-05-23,Green Garden Farm
2026-05-23,Berry Patch Produce
2026-05-23,York River Vegetables
2026-05-23,Pure Earth Organics
2026-05-23,Sunny Side Eggs
2026-05-23,Heritage Hen Farm
2026-05-23,Colonial Bakes
2026-05-23,Daily Bread Co
2026-05-23,Pasta Fresca
2026-05-23,Williamsburg Pickles
2026-05-23,Colonial Kettle Corn
2026-05-23,Salsa Verde Kitchen
2026-05-23,Williamsburg Coffee Co
2026-05-23,Happy Tails Treats
2026-05-23,Hearthside Meats
2026-05-23,Old Dominion Sausage Co
2026-05-30,Green Garden Farm
2026-05-30,Berry Patch Produce
2026-05-30,York River Vegetables
2026-05-30,Pure Earth Organics
2026-05-30,Sunny Side Eggs
2026-05-30,Heritage Hen Farm
2026-05-30,Colonial Bakes
2026-05-30,Daily Bread Co
2026-05-30,Williamsburg Pickles
2026-05-30,Colonial Kettle Corn
2026-05-30,Salsa Verde Kitchen
2026-05-30,Williamsburg Coffee Co
2026-05-30,Happy Tails Treats
2026-05-30,Hearthside Meats
2026-05-30,Old Dominion Sausage Co
2026-06-06,Green Garden Farm
2026-06-06,Berry Patch Produce
2026-06-06,York River Vegetables
2026-06-06,Pure Earth Organics
2026-06-06,Sunny Side Eggs
2026-06-06,Heritage Hen Farm
2026-06-06,Colonial Bakes
2026-06-06,Daily Bread Co
2026-06-06,Pasta Fresca
2026-06-06,Campus Crafts
2026-06-06,Williamsburg Pops
2026-06-06,Williamsburg Pickles
2026-06-06,Colonial Kettle Corn
2026-06-06,Salsa Verde Kitchen
2026-06-06,Williamsburg Coffee Co
2026-06-06,Happy Tails Treats
2026-06-06,Jamestown Jams
2026-06-06,Sweet Crumb Cookies
2026-06-06,Spice Route Blends
2026-06-06,Goat Milk Soap Co
2026-06-06,Hearthside Meats
2026-06-06,Old Dominion Sausage Co
2026-06-13,Green Garden Farm
2026-06-13,Berry Patch Produce
2026-06-13,York River Vegetables
2026-06-13,Pure Earth Organics
2026-06-13,Sunny Side Eggs
2026-06-13,Heritage Hen Farm
2026-06-13,Colonial Bakes
2026-06-13,Daily Bread Co
2026-06-13,Williamsburg Pops
2026-06-13,Williamsburg Pickles
2026-06-13,Colonial Kettle Corn
2026-06-13,Salsa Verde Kitchen
2026-06-13,Williamsburg Coffee Co
2026-06-13,Happy Tails Treats
2026-06-13,Hearthside Meats
2026-06-13,Old Dominion Sausage Co
2026-06-20,Green Garden Farm
2026-06-20,Berry Patch Produce
2026-06-20,York River Vegetables
2026-06-20,Pure Earth Organics
2026-06-20,Sunny Side Eggs
2026-06-20,Heritage Hen Farm
2026-06-20,Colonial Bakes
2026-06-20,Daily Bread Co
2026-06-20,Pasta Fresca
2026-06-20,Williamsburg Pops
2026-06-20,Williamsburg Pickles
2026-06-20,Colonial Kettle Corn
2026-06-20,Salsa Verde Kitchen
2026-06-20,Williamsburg Coffee Co
2026-06-20,Happy Tails Treats
2026-06-20,Hearthside Meats
2026-06-20,Old Dominion Sausage Co
2026-06-27,Green Garden Farm
2026-06-27,Berry Patch Produce
2026-06-27,York River Vegetables
2026-06-27,Pure Earth Organics
2026-06-27,Sunny Side Eggs
2026-06-27,Heritage Hen Farm
2026-06-27,Colonial Bakes
2026-06-27,Daily Bread Co
2026-06-27,Williamsburg Pops
2026-06-27,Williamsburg Pickles
2026-06-27,Colonial Kettle Corn
2026-06-27,Salsa Verde Kitchen
2026-06-27,Williamsburg Coffee Co
2026-06-27,Happy Tails Treats
2026-06-27,Hearthside Meats
2026-06-27,Old Dominion Sausage Co
2026-07-04,Green Garden Farm
2026-07-04,Berry Patch Produce
2026-07-04,York River Vegetables
2026-07-04,Pure Earth Organics
2026-07-04,Sunny Side Eggs
2026-07-04,Heritage Hen Farm
2026-07-04,Colonial Bakes
2026-07-04,Daily Bread Co
2026-07-04,Pasta Fresca
2026-07-04,Campus Crafts
2026-07-04,Williamsburg Pops
2026-07-04,Williamsburg Pickles
2026-07-04,Colonial Kettle Corn
2026-07-04,Salsa Verde Kitchen
2026-07-04,Williamsburg Coffee Co
2026-07-04,Happy Tails Treats
2026-07-04,Jamestown Jams
2026-07-04,Sweet Crumb Cookies
2026-07-04,Spice Route Blends
2026-07-04,Goat Milk Soap Co
2026-07-04,Hearthside Meats
2026-07-04,Old Dominion Sausage Co
2026-07-11,Green Garden Farm
2026-07-11,Berry Patch Produce
2026-07-11,York River Vegetables
2026-07-11,Pure Earth Organics
2026-07-11,Sunny Side Eggs
2026-07-11,Heritage Hen Farm
2026-07-11,Colonial Bakes
2026-07-11,Daily Bread Co
2026-07-11,Williamsburg Pops
2026-07-11,Williamsburg Pickles
2026-07-11,Colonial Kettle Corn
2026-07-11,Salsa Verde Kitchen
2026-07-11,Williamsburg Coffee Co
2026-07-11,Happy Tails Treats
2026-07-11,Hearthside Meats
2026-07-11,Old Dominion Sausage Co
2026-07-18,Green Garden Farm
2026-07-18,Berry Patch Produce
2026-07-18,York River Vegetables
2026-07-18,Pure Earth Organics
2026-07-18,Sunny Side Eggs
2026-07-18,Heritage Hen Farm
2026-07-18,Colonial Bakes
2026-07-18,Daily Bread Co
2026-07-18,Pasta Fresca
2026-07-18,Williamsburg Pops
2026-07-18,Williamsburg Pickles
2026-07-18,Colonial Kettle Corn
2026-07-18,Salsa Verde Kitchen
2026-07-18,Williamsburg Coffee Co
2026-07-18,Happy Tails Treats
2026-07-18,Hearthside Meats
2026-07-18,Old Dominion Sausage Co
2026-07-25,Green Garden Farm
2026-07-25,Berry Patch Produce
2026-07-25,York River Vegetables
2026-07-25,Pure Earth Organics
2026-07-25,Sunny Side Eggs
2026-07-25,Heritage Hen Farm
2026-07-25,Colonial Bakes
2026-07-25,Daily Bread Co
2026-07-25,Williamsburg Pops
2026-07-25,Williamsburg Pickles
2026-07-25,Colonial Kettle Corn
2026-07-25,Salsa Verde Kitchen
2026-07-25,Williamsburg Coffee Co
2026-07-25,Happy Tails Treats
2026-07-25,Hearthside Meats
2026-07-25,Old Dominion Sausage Co
2026-08-01,Green Garden Farm
2026-08-01,Berry Patch Produce
2026-08-01,York River Vegetables
2026-08-01,Pure Earth Organics
2026-08-01,Sunny Side Eggs
2026-08-01,Heritage Hen Farm
2026-08-01,Colonial Bakes
2026-08-01,Daily Bread Co
2026-08-01,Pasta Fresca
2026-08-01,Campus Crafts
2026-08-01,Williamsburg Pops
2026-08-01,Williamsburg Pickles
2026-08-01,Colonial Kettle Corn
2026-08-01,Salsa Verde Kitchen
2026-08-01,Williamsburg Coffee Co
2026-08-01,Happy Tails Treats
2026-08-01,Jamestown Jams
2026-08-01,Sweet Crumb Cookies
2026-08-01,Spice Route Blends
2026-08-01,Goat Milk Soap Co
2026-08-01,Hearthside Meats
2026-08-01,Old Dominion Sausage Co
2026-08-08,Green Garden Farm
2026-08-08,Berry Patch Produce
2026-08-08,York River Vegetables
2026-08-08,Pure Earth Organics
2026-08-08,Sunny Side Eggs
2026-08-08,Heritage Hen Farm
2026-08-08,Colonial Bakes
2026-08-08,Daily Bread Co
2026-08-08,Williamsburg Pops
2026-08-08,Williamsburg Pickles
2026-08-08,Colonial Kettle Corn
2026-08-08,Salsa Verde Kitchen
2026-08-08,Williamsburg Coffee Co
2026-08-08,Happy Tails Treats
2026-08-08,Hearthside Meats
2026-08-08,Old Dominion Sausage Co
2026-08-15,Green Garden Farm
2026-08-15,Berry Patch Produce
2026-08-15,York River Vegetables
2026-08-15,Pure Earth Organics
2026-08-15,Sunny Side Eggs
2026-08-15,Heritage Hen Farm
2026-08-15,Colonial Bakes
2026-08-15,Daily Bread Co
2026-08-15,Pasta Fresca
2026-08-15,Williamsburg Pops
2026-08-15,Williamsburg Pickles
2026-08-15,Colonial Kettle Corn
2026-08-15,Salsa Verde Kitchen
2026-08-15,Williamsburg Coffee Co
2026-08-15,Happy Tails Treats
2026-08-15,Hearthside Meats
2026-08-15,Old Dominion Sausage Co
2026-08-22,Green Garden Farm
2026-08-22,Berry Patch Produce
2026-08-22,York River Vegetables
2026-08-22,Pure Earth Organics
2026-08-22,Sunny Side Eggs
2026-08-22,Heritage Hen Farm
2026-08-22,Colonial Bakes
2026-08-22,Daily Bread Co
2026-08-22,Williamsburg Pops
2026-08-22,Williamsburg Pickles
2026-08-22,Colonial Kettle Corn
2026-08-22,Salsa Verde Kitchen
2026-08-22,Williamsburg Coffee Co
2026-08-22,Happy Tails Treats
2026-08-22,Hearthside Meats
2026-08-22,Old Dominion Sausage Co
2026-08-29,Green Garden Farm
2026-08-29,Berry Patch Produce
2026-08-29,York River Vegetables
2026-08-29,Pure Earth Organics
2026-08-29,Sunny Side Eggs
2026-08-29,Heritage Hen Farm
2026-08-29,Colonial Bakes
2026-08-29,Daily Bread Co
2026-08-29,Pasta Fresca
2026-08-29,Williamsburg Pops
2026-08-29,Williamsburg Pickles
2026-08-29,Colonial Kettle Corn
2026-08-29,Salsa Verde Kitchen
2026-08-29,Williamsburg Coffee Co
2026-08-29,Happy Tails Treats
2026-08-29,Hearthside Meats
2026-08-29,Old Dominion Sausage Co
2026-09-05,Green Garden Farm
2026-09-05,Berry Patch Produce
2026-09-05,York River Vegetables
2026-09-05,Pure Earth Organics
2026-09-05,Sunny Side Eggs
2026-09-05,Heritage Hen Farm
2026-09-05,Colonial Bakes
2026-09-05,Daily Bread Co
2026-09-05,Williamsburg Pickles
2026-09-05,Colonial Kettle Corn
2026-09-05,Salsa Verde Kitchen
2026-09-05,Williamsburg Coffee Co
2026-09-05,Happy Tails Treats
2026-09-05,Jamestown Jams
2026-09-05,Sweet Crumb Cookies
2026-09-05,Spice Route Blends
2026-09-05,Goat Milk Soap Co
2026-09-05,Hearthside Meats
2026-09-05,Old Dominion Sausage Co
2026-09-12,Green Garden Farm
2026-09-12,Berry Patch Produce
2026-09-12,York River Vegetables
2026-09-12,Pure Earth Organics
2026-09-12,Sunny Side Eggs
2026-09-12,Heritage Hen Farm
2026-09-12,Colonial Bakes
2026-09-12,Daily Bread Co
2026-09-12,Pasta Fresca
2026-09-12,Williamsburg Pickles
2026-09-12,Colonial Kettle Corn
2026-09-12,Salsa Verde Kitchen
2026-09-12,Williamsburg Coffee Co
2026-09-12,Happy Tails Treats
2026-09-12,Hearthside Meats
2026-09-12,Old Dominion Sausage Co
2026-09-19,Green Garden Farm
2026-09-19,Berry Patch Produce
2026-09-19,York River Vegetables
2026-09-19,Pure Earth Organics
2026-09-19,Sunny Side Eggs
2026-09-19,Heritage Hen Farm
2026-09-19,Colonial Bakes
2026-09-19,Daily Bread Co
2026-09-19,Williamsburg Pickles
2026-09-19,Colonial Kettle Corn
2026-09-19,Salsa Verde Kitchen
2026-09-19,Williamsburg Coffee Co
2026-09-19,Happy Tails Treats
2026-09-19,Hearthside Meats
2026-09-19,Old Dominion Sausage Co
2026-09-26,Green Garden Farm
2026-09-26,Berry Patch Produce
2026-09-26,York River Vegetables
2026-09-26,Pure Earth Organics
2026-09-26,Sunny Side Eggs
2026-09-26,Heritage Hen Farm
2026-09-26,Colonial Bakes
2026-09-26,Daily Bread Co
2026-09-26,Pasta Fresca
2026-09-26,Williamsburg Pickles
2026-09-26,Colonial Kettle Corn
2026-09-26,Salsa Verde Kitchen
2026-09-26,Williamsburg Coffee Co
2026-09-26,Happy Tails Treats
2026-09-26,Hearthside Meats
2026-09-26,Old Dominion Sausage Co
